FPF,TPF
0.0,0.0
0.0,0.0
0.08333333333333337,0.9913180741910025
0.16666666666666663,1.0
0.25,1.0
0.3333333333333333,1.0
0.4166666666666666,1.0
0.5,1.0
1.0,1.0
